issue_link,manual_verdict,note
https://github.com/netty/netty/issues/15751,TRUE,
https://github.com/keycloak/keycloak/issues/43698,TRUE,
https://github.com/keycloak/keycloak/issues/43362,TRUE,
https://github.com/keycloak/keycloak/issues/43357,TRUE,
https://github.com/keycloak/keycloak/issues/43365,TRUE,
https://github.com/spring-projects/spring-batch/issues/4930,TRUE,
https://github.com/spring-projects/spring-data-commons/issues/3375,TRUE,
https://github.com/google/guava/issues/7143,TRUE,
https://github.com/google/guava/issues/6845,TRUE,
https://github.com/netty/netty/issues/15723,TRUE,
https://github.com/netty/netty/issues/15723,TRUE,
https://github.com/netty/netty/issues/15502,FALSE,
https://github.com/netty/netty/issues/15510,TRUE,
https://github.com/netty/netty/issues/15503,TRUE,
https://github.com/netty/netty/issues/14876,FALSE,
https://github.com/netty/netty/issues/14165,FALSE,
https://github.com/netty/netty/issues/14268,TRUE,
https://github.com/netty/netty/issues/13166,TRUE,
https://github.com/keycloak/keycloak/issues/42922,TRUE,
https://github.com/keycloak/keycloak/issues/42880,TRUE,
https://github.com/keycloak/keycloak/issues/42882,TRUE,
https://github.com/keycloak/keycloak/issues/42283,TRUE,
https://github.com/keycloak/keycloak/issues/41532,TRUE,
https://github.com/keycloak/keycloak/issues/40805,TRUE,
https://github.com/keycloak/keycloak/issues/35932,TRUE,
https://github.com/keycloak/keycloak/issues/39987,TRUE,
https://github.com/keycloak/keycloak/issues/39665,TRUE,
https://github.com/keycloak/keycloak/issues/39653,TRUE,
https://github.com/keycloak/keycloak/issues/39253,TRUE,
https://github.com/keycloak/keycloak/issues/38837,TRUE,
https://github.com/keycloak/keycloak/issues/38552,FALSE,
https://github.com/keycloak/keycloak/issues/34364,TRUE,
https://github.com/keycloak/keycloak/issues/33953,FALSE,
https://github.com/keycloak/keycloak/issues/37062,TRUE,
https://github.com/keycloak/keycloak/issues/35796,TRUE,
https://github.com/keycloak/keycloak/issues/35758,FALSE,
https://github.com/keycloak/keycloak/issues/35457,FALSE,
https://github.com/keycloak/keycloak/issues/35402,TRUE,
https://github.com/keycloak/keycloak/issues/34848,TRUE,
https://github.com/keycloak/keycloak/issues/34313,TRUE,
https://github.com/keycloak/keycloak/issues/34412,TRUE,
https://github.com/keycloak/keycloak/issues/34050,TRUE,
https://github.com/keycloak/keycloak/issues/33424,TRUE,
https://github.com/keycloak/keycloak/issues/33439,TRUE,
https://github.com/keycloak/keycloak/issues/32906,TRUE,
https://github.com/keycloak/keycloak/issues/32388,TRUE,
https://github.com/keycloak/keycloak/issues/32091,TRUE,
https://github.com/keycloak/keycloak/issues/32428,FALSE,
https://github.com/keycloak/keycloak/issues/31519,TRUE,
https://github.com/keycloak/keycloak/issues/31701,TRUE,
https://github.com/keycloak/keycloak/issues/31699,TRUE,
https://github.com/keycloak/keycloak/issues/29818,TRUE,
https://github.com/keycloak/keycloak/issues/29129,TRUE,
https://github.com/keycloak/keycloak/issues/29319,TRUE,
https://github.com/keycloak/keycloak/issues/29133,TRUE,
https://github.com/keycloak/keycloak/issues/29130,TRUE,
https://github.com/keycloak/keycloak/issues/28935,TRUE,
https://github.com/keycloak/keycloak/issues/28672,TRUE,
https://github.com/keycloak/keycloak/issues/14084,FALSE,
https://github.com/quarkusio/quarkus/issues/46949,TRUE,
https://github.com/quarkusio/quarkus/issues/44653,FALSE,
https://github.com/quarkusio/quarkus/issues/41404,TRUE,
https://github.com/quarkusio/quarkus/issues/39130,TRUE,
https://github.com/quarkusio/quarkus/issues/38683,FALSE,
https://github.com/spring-projects/spring-ai/issues/4346,TRUE,
https://github.com/spring-cloud/spring-cloud-gateway/issues/2756,TRUE,
https://github.com/spring-projects/spring-batch/issues/4657,FALSE,
https://github.com/spring-projects/spring-batch/issues/1694,TRUE,
https://github.com/spring-projects/spring-batch/issues/4479,FALSE,New Feat
https://github.com/assertj/assertj/issues/3744,TRUE,
https://github.com/openhab/openhab-addons/issues/16806,TRUE,
https://github.com/openhab/openhab-addons/issues/15994,TRUE,
https://github.com/datastax/jvector/issues/220,TRUE,
https://github.com/networknt/light-4j/issues/2104,TRUE,
https://github.com/spring-projects/spring-data-redis/issues/2970,TRUE,
https://github.com/spring-projects/spring-data-mongodb/issues/4904,TRUE,
https://github.com/spring-projects/spring-data-mongodb/issues/4846,TRUE,
https://github.com/spring-projects/spring-data-mongodb/issues/4818,FALSE,
https://github.com/spring-cloud/spring-cloud-stream/issues/3101,TRUE,
https://github.com/spring-cloud/spring-cloud-stream/issues/3076,TRUE,
https://github.com/spring-cloud/spring-cloud-stream/issues/3004,TRUE,
https://github.com/langgraph4j/langgraph4j/issues/151,FALSE,New Feat
https://github.com/langgraph4j/langgraph4j/issues/106,TRUE,
https://github.com/liquibase/liquibase/issues/6685,TRUE,
https://github.com/liquibase/liquibase/issues/6178,TRUE,
https://github.com/liquibase/liquibase/issues/5507,TRUE,
https://github.com/spring-projects/spring-data-elasticsearch/issues/2876,FALSE,New Feat
https://github.com/FasterXML/jackson-core/issues/1351,TRUE,
https://github.com/dylibso/chicory/issues/695,FALSE,
https://github.com/dotCMS/core/issues/32958,TRUE,
https://github.com/spring-projects/spring-data-neo4j/issues/2882,TRUE,
https://github.com/spring-projects/spring-data-commons/issues/3126,FALSE,
https://github.com/spring-projects/spring-data-commons/issues/3066,TRUE,
https://github.com/dcm4che/dcm4chee-arc-light/issues/4640,TRUE,
https://github.com/dcm4che/dcm4chee-arc-light/issues/4640,TRUE,
https://github.com/dcm4che/dcm4chee-arc-light/issues/4460,TRUE,
https://github.com/rabbitmq/rabbitmq-perf-test/issues/703,TRUE,
https://github.com/apache/uniffle/issues/2583,FALSE,
https://github.com/apache/uniffle/issues/2576,FALSE,
https://github.com/apache/uniffle/issues/2496,TRUE,
https://github.com/apache/uniffle/issues/2496,TRUE,
https://github.com/apache/uniffle/issues/2454,FALSE,New Feat
https://github.com/apache/uniffle/issues/2441,FALSE,No data
https://github.com/apache/uniffle/issues/493,TRUE,
https://github.com/apache/uniffle/issues/1885,FALSE,Memory
https://github.com/apache/uniffle/issues/1809,TRUE,
https://github.com/apache/uniffle/issues/1543,FALSE,no data
https://github.com/ascopes/protobuf-maven-plugin/issues/600,FALSE,new feat
https://github.com/langchain4j/langchain4j/issues/2484,TRUE,
https://github.com/langchain4j/langchain4j/issues/2053,FALSE,
https://github.com/langchain4j/langchain4j/issues/1447,TRUE,
https://github.com/langchain4j/langchain4j/issues/715,TRUE,
https://github.com/subclipse/subclipse/issues/173,TRUE,
https://github.com/DominoKit/domino-ui/issues/1017,TRUE,
https://github.com/spring-cloud/spring-cloud-sleuth/issues/2318,TRUE,
https://github.com/kadai-io/kadai/issues/1063,TRUE,
https://github.com/kadai-io/kadai/issues/786,TRUE,
https://github.com/google/guava/issues/6087,TRUE,
https://github.com/google/guava/issues/3873,TRUE,
https://github.com/apache/dubbo/issues/9829,FALSE,
https://github.com/apache/dubbo/issues/5892,TRUE,
https://github.com/netty/netty/issues/13313,TRUE,
https://github.com/netty/netty/issues/13153,TRUE,
https://github.com/netty/netty/issues/12812,FALSE,
https://github.com/netty/netty/issues/12708,TRUE,
https://github.com/netty/netty/issues/12171,TRUE,
https://github.com/netty/netty/issues/11864,FALSE,
https://github.com/keycloak/keycloak/issues/9871,TRUE,
https://github.com/keycloak/keycloak/issues/25388,TRUE,
https://github.com/keycloak/keycloak/issues/24202,TRUE,
https://github.com/keycloak/keycloak/issues/24860,TRUE,
https://github.com/keycloak/keycloak/issues/24295,TRUE,
https://github.com/keycloak/keycloak/issues/21868,TRUE,
https://github.com/keycloak/keycloak/issues/22057,FALSE,
https://github.com/keycloak/keycloak/issues/21111,TRUE,
https://github.com/keycloak/keycloak/issues/9871,TRUE,
https://github.com/keycloak/keycloak/issues/21521,TRUE,
https://github.com/keycloak/keycloak/issues/21109,TRUE,
https://github.com/keycloak/keycloak/issues/20394,TRUE,
https://github.com/keycloak/keycloak/issues/20613,TRUE,
https://github.com/keycloak/keycloak/issues/20404,TRUE,
https://github.com/keycloak/keycloak/issues/19193,TRUE,
https://github.com/keycloak/keycloak/issues/19990,TRUE,
https://github.com/keycloak/keycloak/issues/16224,TRUE,
https://github.com/keycloak/keycloak/issues/13340,TRUE,
https://github.com/keycloak/keycloak/issues/12280,FALSE,
https://github.com/keycloak/keycloak/issues/15038,FALSE,
https://github.com/keycloak/keycloak/issues/14384,TRUE,
https://github.com/keycloak/keycloak/issues/14309,TRUE,
https://github.com/keycloak/keycloak/issues/13303,TRUE,
https://github.com/keycloak/keycloak/issues/12148,TRUE,
https://github.com/keycloak/keycloak/issues/11764,TRUE,
https://github.com/keycloak/keycloak/issues/9563,FALSE,
https://github.com/keycloak/keycloak/issues/11263,TRUE,
https://github.com/keycloak/keycloak/issues/11261,TRUE,
https://github.com/keycloak/keycloak/issues/10411,TRUE,
https://github.com/keycloak/keycloak/issues/10132,TRUE,
https://github.com/keycloak/keycloak/issues/9648,FALSE,test
https://github.com/keycloak/keycloak/issues/9250,TRUE,
https://github.com/keycloak/keycloak/issues/16091,FALSE,yml file
https://github.com/keycloak/keycloak/issues/17678,FALSE,
https://github.com/OpenAPITools/openapi-generator/issues/16490,TRUE,
https://github.com/FasterXML/jackson-databind/issues/3419,TRUE,
https://github.com/spring-cloud/spring-cloud-kubernetes/issues/1225,TRUE,
https://github.com/spring-projects/spring-data-jpa/issues/3039,TRUE,
https://github.com/spring-projects/spring-data-jpa/issues/2860,TRUE,
https://github.com/spring-projects/spring-data-jpa/issues/2594,TRUE,
https://github.com/spring-projects/spring-data-jpa/issues/2333,TRUE,
https://github.com/spring-projects/spring-batch/issues/4024,TRUE,
https://github.com/spring-projects/spring-batch/issues/3980,TRUE,
https://github.com/assertj/assertj/issues/3193,TRUE,
https://github.com/assertj/assertj/issues/2548,TRUE,
https://github.com/apache/mina-sshd/issues/524,TRUE,
https://github.com/mediathekview/MediathekView/issues/507,TRUE,
https://github.com/spring-projects/spring-data-neo4j/issues/2782,TRUE,
https://github.com/spring-projects/spring-data-neo4j/issues/2750,FALSE,no data
https://github.com/spring-projects/spring-data-neo4j/issues/2668,TRUE,
https://github.com/spring-projects/spring-data-neo4j/issues/2501,TRUE,
https://github.com/spring-projects/spring-data-neo4j/issues/2487,TRUE,
https://github.com/spring-projects/spring-data-neo4j/issues/2455,TRUE,
https://github.com/spring-projects/spring-data-neo4j/issues/2417,TRUE,
https://github.com/spring-projects/spring-data-neo4j/issues/2391,TRUE,
https://github.com/spring-projects/spring-data-neo4j/issues/2387,TRUE,
https://github.com/spring-projects/spring-data-neo4j/issues/2182,TRUE,
https://github.com/spring-projects/spring-data-neo4j/issues/2169,FALSE,no data
https://github.com/spring-projects/spring-data-neo4j/issues/1460,FALSE,no data
https://github.com/orientechnologies/orientdb/issues/9603,TRUE,
https://github.com/DTStack/chunjun/issues/1138,TRUE,
https://github.com/dcm4che/dcm4che/issues/1009,TRUE,
https://github.com/dcm4che/dcm4che/issues/798,TRUE,
https://github.com/dcm4che/dcm4che/issues/651,TRUE,
https://github.com/eclipse-lemminx/lemminx/issues/1175,FALSE,
https://github.com/spring-projects/spring-vault/issues/702,TRUE,
https://github.com/smallrye/smallrye-graphql/issues/728,FALSE,memory
https://github.com/mhewedy/spring-data-jpa-mongodb-expressions/issues/30,TRUE,
https://github.com/GoogleCloudPlatform/cloud-opensource-java/issues/1204,TRUE,
https://github.com/philterd/phileas/issues/112,FALSE,
https://github.com/philterd/phileas/issues/111,TRUE,
https://github.com/philterd/phileas/issues/111,TRUE,
https://github.com/philterd/phileas/issues/121,TRUE,
https://github.com/philterd/phileas/issues/112,FALSE,
https://github.com/philterd/phileas/issues/112,FALSE,
https://github.com/networknt/light-4j/issues/1603,TRUE,
https://github.com/networknt/light-4j/issues/1598,TRUE,
https://github.com/networknt/light-4j/issues/1137,TRUE,
https://github.com/networknt/light-4j/issues/730,TRUE,
https://github.com/apache/linkis/issues/2929,TRUE,
https://github.com/spring-io/spring-javaformat/issues/319,FALSE,no data
https://github.com/pgjdbc/r2dbc-postgresql/issues/243,TRUE,
https://github.com/OpenLiberty/ci.maven/issues/1354,TRUE,
https://github.com/OpenLiberty/ci.maven/issues/843,TRUE,
https://github.com/Unleash/unleash-java-sdk/issues/10,TRUE,
https://github.com/spring-projects/spring-modulith/issues/1338,TRUE,
https://github.com/spring-projects/spring-modulith/issues/1146,TRUE,
https://github.com/spring-projects/spring-modulith/issues/1149,TRUE,
https://github.com/spring-projects/spring-modulith/issues/1149,TRUE,
https://github.com/spring-projects/spring-modulith/issues/1098,TRUE,
https://github.com/spring-projects/spring-modulith/issues/261,TRUE,
https://github.com/oracle/opengrok/issues/4307,TRUE,
https://github.com/oracle/opengrok/issues/3509,TRUE,
https://github.com/oracle/opengrok/issues/3383,TRUE,
https://github.com/gluonhq/rich-text-area/issues/3,TRUE,
https://github.com/cloudsimplus/cloudsimplus/issues/325,TRUE,
https://github.com/cloudsimplus/cloudsimplus/issues/323,FALSE,New Feature
https://github.com/cloudsimplus/cloudsimplus/issues/308,TRUE,
https://github.com/cloudsimplus/cloudsimplus/issues/273,TRUE,
https://github.com/cloudsimplus/cloudsimplus/issues/236,TRUE,
https://github.com/paulcwarren/spring-content/issues/1,TRUE,
https://github.com/streamthoughts/kafka-connect-file-pulse/issues/490,TRUE,
https://github.com/DominoKit/domino-ui/issues/630,TRUE,
https://github.com/DominoKit/domino-ui/issues/456,TRUE,
https://github.com/warmuuh/milkman/issues/72,TRUE,
https://github.com/spring-projects/spring-retry/issues/212,FALSE,New Feature
https://github.com/apache/curator/issues/585,TRUE,
https://github.com/apache/incubator-baremaps/issues/98,FALSE,New Feature
https://github.com/mock-server/mockserver/issues/1010,TRUE,
https://github.com/gdela/socomo/issues/22,FALSE,
https://github.com/martinpaljak/apdu4j/issues/67,TRUE,
https://github.com/rworsnop/vertx-beans/issues/15,FALSE,
https://github.com/patrickfav/bcrypt/issues/1,FALSE,
https://github.com/jruby/joni/issues/36,FALSE,new feat
https://github.com/spring-cloud/spring-cloud-sleuth/issues/1742,TRUE,
https://github.com/spring-cloud/spring-cloud-sleuth/issues/1742,TRUE,
https://github.com/spring-cloud/spring-cloud-sleuth/issues/1760,TRUE,
https://github.com/spring-projects-experimental/spring-boot-thin-launcher/issues/22,FALSE,
https://github.com/r2dbc/r2dbc-pool/issues/190,TRUE,
https://github.com/apiman/apiman/issues/1153,TRUE,
https://github.com/openlookeng/hetu-core/issues/277,TRUE,
https://github.com/McFoggy/cssfx/issues/34,TRUE,
https://github.com/McFoggy/cssfx/issues/24,TRUE,
https://github.com/apache/dubbo/issues/4556,TRUE,
https://github.com/netty/netty/issues/9710,TRUE,
https://github.com/netty/netty/issues/9426,TRUE,
https://github.com/keycloak/keycloak/issues/44447,TRUE,
https://github.com/keycloak/keycloak/issues/44048,TRUE,
https://github.com/keycloak/keycloak/issues/12280,FALSE,
https://github.com/keycloak/keycloak/issues/10266,TRUE,
https://github.com/apache/incubator-seata/issues/1126,TRUE,
https://github.com/apache/incubator-seata/issues/1085,TRUE,
https://github.com/apache/incubator-seata/issues/753,FALSE,
https://github.com/apache/shardingsphere/issues/2153,FALSE,
https://github.com/apache/shardingsphere/issues/2153,FALSE,
https://github.com/apache/shardingsphere/issues/2153,FALSE,
https://github.com/apache/dubbo/issues/15087,TRUE,
https://github.com/apache/dubbo/issues/1245,TRUE,
https://github.com/netty/netty/issues/14984,FALSE,
https://github.com/netty/netty/issues/8384,FALSE,new feat
https://github.com/netty/netty/issues/8122,FALSE,
https://github.com/netty/netty/issues/8196,FALSE,
https://github.com/netty/netty/issues/8013,TRUE,
https://github.com/netty/netty/issues/7837,FALSE,
https://github.com/netty/netty/issues/7255,TRUE,
https://github.com/netty/netty/issues/7025,TRUE,
https://github.com/netty/netty/issues/6153,TRUE,
https://github.com/netty/netty/issues/4807,TRUE,
https://github.com/netty/netty/issues/4402,TRUE,
https://github.com/netty/netty/issues/3884,FALSE,
https://github.com/netty/netty/issues/4071,TRUE,
https://github.com/netty/netty/issues/3488,TRUE,
https://github.com/alibaba/nacos/issues/150,TRUE,
https://github.com/keycloak/keycloak/issues/14743,TRUE,
https://github.com/keycloak/keycloak/issues/12381,FALSE,
https://github.com/apache/shardingsphere/issues/701,TRUE,
https://github.com/mybatis/mybatis-3/issues/2426,TRUE,
https://github.com/mybatis/mybatis-3/issues/2297,TRUE,
https://github.com/mybatis/mybatis-3/issues/1786,TRUE,
https://github.com/prestodb/presto/issues/6129,TRUE,
https://github.com/prestodb/presto/issues/1734,TRUE,
https://github.com/quarkusio/quarkus/issues/50889,TRUE,
https://github.com/quarkusio/quarkus/issues/27281,TRUE,
https://github.com/quarkusio/quarkus/issues/24712,TRUE,
https://github.com/quarkusio/quarkus/issues/23822,FALSE,
https://github.com/quarkusio/quarkus/issues/14720,FALSE,
https://github.com/quarkusio/quarkus/issues/9188,FALSE,
https://github.com/quarkusio/quarkus/issues/8167,FALSE,
https://github.com/quarkusio/quarkus/issues/6950,TRUE,
https://github.com/quarkusio/quarkus/issues/4490,TRUE,
https://github.com/quarkusio/quarkus/issues/4294,TRUE,
https://github.com/quarkusio/quarkus/issues/884,TRUE,
https://github.com/quarkusio/quarkus/issues/188,TRUE,
https://github.com/quarkusio/quarkus/issues/214,TRUE,
https://github.com/apache/pulsar/issues/11100,TRUE,
https://github.com/apache/dolphinscheduler/issues/9387,TRUE,
https://github.com/apache/dolphinscheduler/issues/7256,TRUE,
https://github.com/apache/dolphinscheduler/issues/6474,TRUE,
https://github.com/apache/dolphinscheduler/issues/6353,TRUE,
https://github.com/apache/dolphinscheduler/issues/1522,TRUE,
https://github.com/apache/dolphinscheduler/issues/1522,TRUE,
https://github.com/apache/dolphinscheduler/issues/1522,TRUE,
https://github.com/apache/dolphinscheduler/issues/1515,FALSE,
https://github.com/pinpoint-apm/pinpoint/issues/1469,TRUE,
https://github.com/pinpoint-apm/pinpoint/issues/1432,TRUE,
https://github.com/pinpoint-apm/pinpoint/issues/1362,TRUE,
https://github.com/apache/ignite/issues/10469,FALSE,
https://github.com/oracle/opengrok/issues/3442,TRUE,
https://github.com/oracle/opengrok/issues/2118,TRUE,
https://github.com/oracle/opengrok/issues/1716,TRUE,
https://github.com/oracle/opengrok/issues/1353,TRUE,
https://github.com/oracle/opengrok/issues/1095,FALSE,new feat
https://github.com/oracle/opengrok/issues/827,TRUE,
https://github.com/oracle/opengrok/issues/880,TRUE,
https://github.com/apache/maven-mvnd/issues/527,TRUE,
https://github.com/apache/maven-mvnd/issues/464,FALSE,
https://github.com/smallrye/smallrye-mutiny/issues/1080,TRUE,
https://github.com/FasterXML/jackson-dataformats-binary/issues/82,TRUE,
https://github.com/elastic/ecs-logging-java/issues/149,TRUE,
https://github.com/gluonhq/rich-text-area/issues/414,TRUE,
https://github.com/rabbitmq/rabbitmq-stream-java-client/issues/17,FALSE,
https://github.com/jruby/jruby-openssl/issues/73,TRUE,
https://github.com/zowe/zowe-client-java-sdk/issues/148,FALSE,
https://github.com/flyway/flyway/issues/3280,TRUE,
https://github.com/flyway/flyway/issues/470,TRUE,
https://github.com/flyway/flyway/issues/3245,TRUE,
https://github.com/flyway/flyway/issues/3229,FALSE,
https://github.com/flyway/flyway/issues/3024,FALSE,
https://github.com/flyway/flyway/issues/2993,TRUE,
https://github.com/flyway/flyway/issues/2989,TRUE,
https://github.com/flyway/flyway/issues/2903,TRUE,
https://github.com/flyway/flyway/issues/2123,TRUE,
https://github.com/AsyncHttpClient/async-http-client/issues/1632,FALSE,
https://github.com/AsyncHttpClient/async-http-client/issues/1467,TRUE,
https://github.com/AsyncHttpClient/async-http-client/issues/1462,TRUE,
https://github.com/AsyncHttpClient/async-http-client/issues/1278,FALSE,
https://github.com/AsyncHttpClient/async-http-client/issues/1102,TRUE,
https://github.com/AsyncHttpClient/async-http-client/issues/894,FALSE,
https://github.com/AsyncHttpClient/async-http-client/issues/826,TRUE,
https://github.com/AsyncHttpClient/async-http-client/issues/825,FALSE,
https://github.com/AsyncHttpClient/async-http-client/issues/821,TRUE,
https://github.com/AsyncHttpClient/async-http-client/issues/796,TRUE,
https://github.com/AsyncHttpClient/async-http-client/issues/795,TRUE,
https://github.com/alibaba/fastjson2/issues/146,TRUE,
https://github.com/spring-projects/spring-data-mongodb/issues/4983,FALSE,new feat
https://github.com/spring-projects/spring-data-mongodb/issues/3941,TRUE,
https://github.com/spring-projects/spring-data-mongodb/issues/3918,TRUE,
https://github.com/spring-projects/spring-data-mongodb/issues/3613,TRUE,
https://github.com/spring-projects/spring-data-mongodb/issues/2352,TRUE,
https://github.com/spring-projects/spring-data-mongodb/issues/2352,TRUE,
https://github.com/spring-projects/spring-data-mongodb/issues/2225,FALSE,new feat
https://github.com/spring-projects/spring-data-mongodb/issues/1536,TRUE,
https://github.com/spring-projects/spring-data-mongodb/issues/1375,FALSE,
https://github.com/spring-projects/spring-data-mongodb/issues/1236,TRUE,
https://github.com/datastax/jvector/issues/60,FALSE,
https://github.com/spring-cloud/spring-cloud-function/issues/1072,TRUE,
https://github.com/spring-cloud/spring-cloud-function/issues/1066,TRUE,
https://github.com/spring-cloud/spring-cloud-function/issues/1030,TRUE,
https://github.com/spring-cloud/spring-cloud-function/issues/706,TRUE,
https://github.com/spring-cloud/spring-cloud-function/issues/425,TRUE,reinitialize
https://github.com/spring-cloud/spring-cloud-function/issues/399,TRUE,
https://github.com/spring-cloud/spring-cloud-function/issues/425,TRUE,
https://github.com/spring-projects/spring-data-elasticsearch/issues/3063,TRUE,
https://github.com/spring-projects/spring-data-elasticsearch/issues/2726,FALSE,
https://github.com/spring-projects/spring-data-elasticsearch/issues/2061,FALSE,new feat
https://github.com/spring-projects/spring-data-elasticsearch/issues/2027,FALSE,
https://github.com/spring-projects/spring-data-cassandra/issues/1213,TRUE,
https://github.com/spring-projects/spring-data-cassandra/issues/1236,TRUE,
https://github.com/spring-projects/spring-data-cassandra/issues/1218,FALSE,
https://github.com/spring-projects/spring-data-cassandra/issues/1218,FALSE,
https://github.com/spring-projects/spring-data-cassandra/issues/1186,TRUE,
https://github.com/spring-projects/spring-data-cassandra/issues/1174,FALSE,new feat
https://github.com/marcelmay/hfsa/issues/42,TRUE,
https://github.com/marcelmay/hfsa/issues/38,TRUE,
https://github.com/swagger-api/swagger-core/issues/1936,TRUE,
https://github.com/neo4j/neo4j-ogm/issues/891,TRUE,
https://github.com/neo4j/neo4j-ogm/issues/889,TRUE,
https://github.com/neo4j/neo4j-ogm/issues/852,TRUE,
https://github.com/neo4j/neo4j-ogm/issues/853,TRUE,
https://github.com/neo4j/neo4j-ogm/issues/854,TRUE,
https://github.com/neo4j/neo4j-ogm/issues/849,TRUE,
https://github.com/neo4j/neo4j-ogm/issues/840,TRUE,
https://github.com/neo4j/neo4j-ogm/issues/738,TRUE,
https://github.com/neo4j/neo4j-ogm/issues/849,TRUE,
https://github.com/neo4j/neo4j-ogm/issues/849,TRUE,
https://github.com/spring-cloud/spring-cloud-circuitbreaker/issues/96,TRUE,
https://github.com/tbsalling/aismessages/issues/16,TRUE,
https://github.com/mojohaus/wagon-maven-plugin/issues/17,FALSE,new feat
https://github.com/mybatis/hazelcast-cache/issues/21,TRUE,
https://github.com/dockstore/dockstore/issues/2482,TRUE,
https://github.com/dockstore/dockstore/issues/2442,FALSE,
https://github.com/dcm4che/dcm4che/issues/143,TRUE,
https://github.com/dcm4che/dcm4che/issues/206,TRUE,
https://github.com/Netcentric/accesscontroltool/issues/762,FALSE,new feat
https://github.com/arquillian/arquillian-cube/issues/305,TRUE,
https://github.com/sofastack/sofa-rpc/issues/436,TRUE,
https://github.com/Blazebit/blaze-persistence/issues/151,TRUE,
https://github.com/spring-projects/spring-data-redis/issues/2156,TRUE,
https://github.com/spring-projects/spring-data-neo4j/issues/579,TRUE,
https://github.com/spring-projects/spring-data-keyvalue/issues/196,FALSE,
https://github.com/spring-cloud/spring-cloud-sleuth/issues/958,TRUE,
https://github.com/spring-cloud/spring-cloud-sleuth/issues/701,TRUE,
https://github.com/logfellow/logstash-logback-encoder/issues/353,FALSE,
https://github.com/groovy/GMavenPlus/issues/162,FALSE,new feat
https://github.com/DataLinkDC/dinky/issues/3909,TRUE,
https://github.com/DataLinkDC/dinky/issues/1279,TRUE,
https://github.com/DataLinkDC/dinky/issues/1210,TRUE,
https://github.com/DataLinkDC/dinky/issues/564,TRUE,
https://github.com/DataLinkDC/dinky/issues/397,TRUE,
https://github.com/alibaba/spring-cloud-alibaba/issues/11,FALSE,new feat
https://github.com/apache/royale-compiler/issues/83,TRUE,
https://github.com/apache/royale-compiler/issues/36,FALSE,
https://github.com/spacious-team/investbook/issues/294,FALSE,
https://github.com/iluwatar/java-design-patterns/issues/883,FALSE,
https://github.com/cloudsimplus/cloudsimplus/issues/332,FALSE,
https://github.com/cloudsimplus/cloudsimplus/issues/284,FALSE,new feat
https://github.com/cloudsimplus/cloudsimplus/issues/203,TRUE,
https://github.com/cloudsimplus/cloudsimplus/issues/202,TRUE,
https://github.com/cloudsimplus/cloudsimplus/issues/200,TRUE,
https://github.com/cloudsimplus/cloudsimplus/issues/190,TRUE,
https://github.com/cloudsimplus/cloudsimplus/issues/189,TRUE,
https://github.com/cloudsimplus/cloudsimplus/issues/191,TRUE,
https://github.com/cloudsimplus/cloudsimplus/issues/188,TRUE,
https://github.com/cloudsimplus/cloudsimplus/issues/109,TRUE,
https://github.com/cloudsimplus/cloudsimplus/issues/187,TRUE,
https://github.com/cloudsimplus/cloudsimplus/issues/175,TRUE,
https://github.com/cloudsimplus/cloudsimplus/issues/174,TRUE,
https://github.com/classgraph/classgraph/issues/8,FALSE,
https://github.com/classgraph/classgraph/issues/8,FALSE,
https://github.com/classgraph/classgraph/issues/118,TRUE,
https://github.com/RoinujNosde/SimpleClans/issues/3,TRUE,
https://github.com/apache/curator/issues/530,TRUE,
https://github.com/r2dbc/r2dbc-mssql/issues/51,TRUE,
https://github.com/openzipkin/zipkin/issues/1907,TRUE,
https://github.com/alibaba/canal/issues/2258,TRUE,
https://github.com/alibaba/canal/issues/2258,TRUE,
https://github.com/alibaba/canal/issues/1019,TRUE,
https://github.com/alibaba/canal/issues/726,TRUE,
https://github.com/alibaba/canal/issues/726,TRUE,
https://github.com/alibaba/canal/issues/726,TRUE,
https://github.com/arthurgregorio/web-budget/issues/326,FALSE,
https://github.com/arthurgregorio/library/issues/27,TRUE,
https://github.com/patrickfav/bcrypt/issues/1,FALSE,no data
https://github.com/atlanmod/NeoEMF/issues/56,TRUE,
https://github.com/atlanmod/NeoEMF/issues/56,TRUE,
https://github.com/atlanmod/NeoEMF/issues/56,TRUE,
https://github.com/atlanmod/NeoEMF/issues/55,TRUE,
https://github.com/atlanmod/NeoEMF/issues/36,TRUE,
https://github.com/arey/java-object-mapper-benchmark/issues/1,TRUE,
https://github.com/Graylog2/gelfclient/issues/38,TRUE,
https://github.com/VoxelGamesLib/VoxelGamesLibv2/issues/175,FALSE,no data
https://github.com/julianhyde/sqlline/issues/77,TRUE,
https://github.com/jgitver/jgitver/issues/68,FALSE,
https://github.com/timols/java-gitlab-api/issues/59,TRUE,
https://github.com/rakam-io/rakam-api/issues/1,FALSE,no data
https://github.com/apache/dubbo/issues/14539,TRUE,
https://github.com/apache/dubbo/issues/9973,TRUE,
https://github.com/apache/dubbo/issues/5797,TRUE,
https://github.com/netty/netty/issues/10123,TRUE,
https://github.com/alibaba/nacos/issues/12323,TRUE,
https://github.com/alibaba/nacos/issues/11310,TRUE,
https://github.com/alibaba/nacos/issues/6433,TRUE,
https://github.com/alibaba/nacos/issues/3235,TRUE,
https://github.com/keycloak/keycloak/issues/37093,TRUE,
https://github.com/keycloak/keycloak/issues/33353,TRUE,
https://github.com/keycloak/keycloak/issues/10935,TRUE,
https://github.com/keycloak/keycloak/issues/10376,TRUE,
https://github.com/keycloak/keycloak/issues/12497,TRUE,
https://github.com/keycloak/keycloak/issues/11695,FALSE,
https://github.com/keycloak/keycloak/issues/12653,TRUE,
https://github.com/keycloak/keycloak/issues/11069,TRUE,
https://github.com/keycloak/keycloak/issues/10829,TRUE,
https://github.com/apolloconfig/apollo/issues/3698,TRUE,
https://github.com/apache/incubator-seata/issues/3571,TRUE,
https://github.com/apache/incubator-seata/issues/2467,TRUE,
https://github.com/liquibase/liquibase/issues/6096,TRUE,
https://github.com/liquibase/liquibase/issues/5171,TRUE,
https://github.com/liquibase/liquibase/issues/4312,TRUE,
https://github.com/liquibase/liquibase/issues/3791,FALSE,
https://github.com/liquibase/liquibase/issues/3545,TRUE,
https://github.com/liquibase/liquibase/issues/2154,TRUE,
https://github.com/liquibase/liquibase/issues/1856,FALSE,
https://github.com/liquibase/liquibase/issues/1984,TRUE,
https://github.com/liquibase/liquibase/issues/1199,TRUE,
https://github.com/hapifhir/hapi-fhir/issues/4801,TRUE,
https://github.com/eclipse-jdtls/eclipse.jdt.ls/issues/3531,TRUE,
https://github.com/eclipse-jdtls/eclipse.jdt.ls/issues/3510,TRUE,
https://github.com/eclipse-jdtls/eclipse.jdt.ls/issues/2441,TRUE,
https://github.com/eclipse-jdtls/eclipse.jdt.ls/issues/1469,TRUE,
https://github.com/casid/jte/issues/78,FALSE,compile
https://github.com/urlaubsverwaltung/urlaubsverwaltung/issues/1522,TRUE,
https://github.com/keycloak/keycloak-benchmark/issues/38,TRUE,
https://github.com/obsidiandynamics/kafdrop/issues/233,TRUE,
https://github.com/eclipse-xtext/xtext/issues/3119,TRUE,
https://github.com/opencast/opencast/issues/4748,TRUE,
https://github.com/eclipse-lemminx/lemminx/issues/1368,TRUE,
https://github.com/smallrye/smallrye-graphql/issues/350,TRUE,
https://github.com/GoogleCloudPlatform/cloud-opensource-java/issues/1320,TRUE,
https://github.com/eclipse-xpanse/xpanse/issues/2089,TRUE,
https://github.com/eclipse-xpanse/xpanse/issues/1190,TRUE,
https://github.com/hyperxpro/Brotli4j/issues/123,TRUE,
https://github.com/beehive-lab/TornadoVM/issues/21,TRUE,
https://github.com/OpenAS2/OpenAs2App/issues/283,TRUE,
https://github.com/Altinity/ice/issues/2,TRUE,
https://github.com/microsoft/semantic-kernel-java/issues/267,TRUE,
https://github.com/gluonhq/rich-text-area/issues/399,TRUE,
https://github.com/gluonhq/rich-text-area/issues/377,TRUE,
https://github.com/diennea/carapaceproxy/issues/394,TRUE,
https://github.com/cmu-db/benchbase/issues/125,FALSE,no data
https://github.com/Blazebit/blaze-persistence/issues/1058,TRUE,
https://github.com/oceanbase/odc/issues/550,TRUE,
https://github.com/apache/doris-flink-connector/issues/518,TRUE,
https://github.com/jchambers/pushy/issues/732,TRUE,
https://github.com/cryostatio/cryostat-legacy/issues/793,FALSE,no data
https://github.com/spring-projects/spring-guice/issues/78,TRUE,
https://github.com/provectus/kafka-ui/issues/874,TRUE,
https://github.com/openlookeng/hetu-core/issues/198,FALSE,no data
https://github.com/apache/shardingsphere-elasticjob-ui/issues/72,TRUE,
https://github.com/Judge-Girl/Judge-Girl/issues/335,TRUE,
https://github.com/apache/dubbo/issues/4694,TRUE,
https://github.com/apache/dubbo/issues/4279,TRUE,
https://github.com/netty/netty/issues/9322,TRUE,
https://github.com/apache/incubator-seata/issues/1933,TRUE,
https://github.com/apache/skywalking/issues/3382,TRUE,
https://github.com/apache/shardingsphere/issues/23200,TRUE,
https://github.com/apache/shardingsphere/issues/19153,TRUE,
https://github.com/apache/shardingsphere/issues/15686,TRUE,
https://github.com/apache/shardingsphere/issues/14714,TRUE,
https://github.com/apache/shardingsphere/issues/13278,TRUE,
https://github.com/apache/shardingsphere/issues/13274,TRUE,
https://github.com/apache/shardingsphere/issues/13263,TRUE,
https://github.com/apache/shardingsphere/issues/11824,TRUE,
https://github.com/apache/shardingsphere/issues/4786,TRUE,
https://github.com/apache/shardingsphere/issues/3681,TRUE,
https://github.com/apache/shardingsphere/issues/3979,FALSE,
https://github.com/apache/shardingsphere/issues/2997,TRUE,
https://github.com/apache/shardingsphere/issues/2682,TRUE,
https://github.com/apache/shardingsphere/issues/1892,TRUE,
https://github.com/apache/shardingsphere/issues/1820,TRUE,
https://github.com/prestodb/presto/issues/24013,FALSE,
https://github.com/prestodb/presto/issues/14433,FALSE,memory
https://github.com/apache/dubbo/issues/2578,TRUE,
https://github.com/apache/dubbo/issues/1659,TRUE,
https://github.com/alibaba/nacos/issues/10159,TRUE,
https://github.com/keycloak/keycloak/issues/17711,FALSE,
https://github.com/apache/shardingsphere/issues/1688,FALSE,new feat
https://github.com/apache/shardingsphere/issues/1615,TRUE,
https://github.com/apache/shardingsphere/issues/1127,TRUE,
https://github.com/apache/shardingsphere/issues/1117,TRUE,
https://github.com/apache/shardingsphere/issues/866,FALSE,
https://github.com/mybatis/mybatis-3/issues/1929,FALSE,no data
https://github.com/prestodb/presto/issues/11711,FALSE,
https://github.com/prestodb/presto/issues/6443,TRUE,
https://github.com/prestodb/presto/issues/6121,TRUE,
https://github.com/prestodb/presto/issues/4019,TRUE,
https://github.com/prestodb/presto/issues/3646,FALSE,
https://github.com/quarkusio/quarkus/issues/50073,TRUE,
https://github.com/quarkusio/quarkus/issues/32021,TRUE,
https://github.com/quarkusio/quarkus/issues/50010,FALSE,new feat
https://github.com/quarkusio/quarkus/issues/49574,TRUE,
https://github.com/quarkusio/quarkus/issues/49118,TRUE,
https://github.com/quarkusio/quarkus/issues/44383,FALSE,
https://github.com/quarkusio/quarkus/issues/46148,TRUE,
https://github.com/quarkusio/quarkus/issues/46206,FALSE,no data
https://github.com/quarkusio/quarkus/issues/37656,TRUE,
https://github.com/quarkusio/quarkus/issues/37637,TRUE,
https://github.com/quarkusio/quarkus/issues/35099,TRUE,
https://github.com/quarkusio/quarkus/issues/36419,TRUE,
https://github.com/quarkusio/quarkus/issues/28267,TRUE,
https://github.com/quarkusio/quarkus/issues/28116,FALSE,
https://github.com/quarkusio/quarkus/issues/27743,TRUE,
https://github.com/quarkusio/quarkus/issues/27589,TRUE,
https://github.com/quarkusio/quarkus/issues/27596,FALSE,
https://github.com/quarkusio/quarkus/issues/16596,FALSE,
https://github.com/quarkusio/quarkus/issues/19599,TRUE,wrong behavior with a performance impact
https://github.com/quarkusio/quarkus/issues/18268,TRUE,
https://github.com/quarkusio/quarkus/issues/15351,TRUE,
https://github.com/quarkusio/quarkus/issues/13258,TRUE,
https://github.com/quarkusio/quarkus/issues/13256,TRUE,
https://github.com/quarkusio/quarkus/issues/13370,FALSE,new feat
https://github.com/quarkusio/quarkus/issues/13309,TRUE,
https://github.com/quarkusio/quarkus/issues/10966,FALSE,New Feature
https://github.com/quarkusio/quarkus/issues/6959,TRUE,
https://github.com/quarkusio/quarkus/issues/4243,TRUE,
https://github.com/quarkusio/quarkus/issues/4241,TRUE,
https://github.com/quarkusio/quarkus/issues/4239,TRUE,
https://github.com/quarkusio/quarkus/issues/340,TRUE,
https://github.com/apache/pulsar/issues/23250,TRUE,
https://github.com/apache/pulsar/issues/23121,TRUE,
https://github.com/apache/pulsar/issues/18279,FALSE,
https://github.com/apache/pulsar/issues/18271,TRUE,small side effect on performance
https://github.com/apache/pulsar/issues/6363,TRUE,
https://github.com/apache/pulsar/issues/6317,TRUE,
https://github.com/apache/dolphinscheduler/issues/15448,TRUE,
https://github.com/apache/dolphinscheduler/issues/5918,TRUE,
https://github.com/apache/dolphinscheduler/issues/6471,TRUE,
https://github.com/apache/dolphinscheduler/issues/6438,TRUE,
https://github.com/apache/dolphinscheduler/issues/6112,TRUE,
https://github.com/apache/dolphinscheduler/issues/1522,TRUE,
https://github.com/pinpoint-apm/pinpoint/issues/12961,TRUE,
https://github.com/pinpoint-apm/pinpoint/issues/2394,FALSE,
https://github.com/trinodb/trino/issues/26391,TRUE,
https://github.com/trinodb/trino/issues/25423,TRUE,
https://github.com/trinodb/trino/issues/9743,FALSE,new feat
https://github.com/trinodb/trino/issues/22756,TRUE,
https://github.com/trinodb/trino/issues/22770,TRUE,
https://github.com/trinodb/trino/issues/16577,TRUE,
https://github.com/trinodb/trino/issues/13212,TRUE,
https://github.com/trinodb/trino/issues/11768,TRUE,
https://github.com/trinodb/trino/issues/5780,TRUE,
https://github.com/trinodb/trino/issues/14078,TRUE,
https://github.com/apache/shiro/issues/1762,FALSE,
https://github.com/kubernetes-client/java/issues/842,FALSE,
https://github.com/apache/maven-mvnd/issues/266,FALSE,no data
https://github.com/apache/maven-mvnd/issues/65,FALSE,
https://github.com/microsoft/gctoolkit/issues/203,TRUE,
https://github.com/smallrye/smallrye-mutiny/issues/1112,TRUE,
https://github.com/apache/incubator-kie-kogito-runtimes/issues/3688,TRUE,
https://github.com/FasterXML/jackson-dataformats-binary/issues/342,TRUE,
https://github.com/deegree/deegree3/issues/648,FALSE,
https://github.com/SchniedersLab/forcefieldx/issues/36,TRUE,
https://github.com/alibaba/fastjson2/issues/3349,TRUE,
https://github.com/onthegomap/planetiler/issues/823,TRUE,
https://github.com/onthegomap/planetiler/issues/162,TRUE,
https://github.com/microsoft/java-debug/issues/595,TRUE,
https://github.com/microsoft/java-debug/issues/49,TRUE,
https://github.com/OpenLiberty/ci.maven/issues/1355,FALSE,
https://github.com/eclipse-xpanse/xpanse/issues/379,TRUE,
https://github.com/camunda-community-hub/spring-zeebe/issues/653,TRUE,
https://github.com/Netcentric/accesscontroltool/issues/663,FALSE,
https://github.com/Netcentric/accesscontroltool/issues/618,FALSE,New Feature
https://github.com/Netcentric/accesscontroltool/issues/554,TRUE,
https://github.com/ralscha/wamp2spring/issues/14,FALSE,
https://github.com/mathieucarbou/license-maven-plugin/issues/874,TRUE,
https://github.com/openhab/org.openhab.binding.zigbee/issues/399,TRUE,
https://github.com/openhab/org.openhab.binding.zigbee/issues/338,TRUE,
https://github.com/DataLinkDC/dinky/issues/3733,TRUE,
https://github.com/DataLinkDC/dinky/issues/3274,TRUE,
https://github.com/apache/streampark/issues/3068,TRUE,
https://github.com/eclipse-lemminx/lemminx/issues/328,FALSE,New Feature
https://github.com/apache/shardingsphere-elasticjob/issues/1883,TRUE,
https://github.com/apache/shardingsphere-elasticjob/issues/1315,TRUE,
https://github.com/apache/shardingsphere-elasticjob/issues/762,TRUE,
https://github.com/marcosbarbero/spring-cloud-zuul-ratelimit/issues/77,TRUE,
https://github.com/mapstruct/mapstruct/issues/1473,TRUE,
https://github.com/mapstruct/mapstruct/issues/1414,FALSE,
https://github.com/mapstruct/mapstruct/issues/1378,TRUE,
https://github.com/jchambers/pushy/issues/655,TRUE,
https://github.com/jchambers/pushy/issues/639,TRUE,
https://github.com/cryostatio/cryostat-legacy/issues/312,TRUE,
https://github.com/microsoft/lsif-java/issues/12,TRUE,
https://github.com/timols/java-gitlab-api/issues/237,TRUE,
https://github.com/distkv-project/distkv/issues/353,TRUE,