issue_url,manual_label,GPT_label,tie_breaking_label
https://github.com/netty/netty/issues/15751,True,True,
https://github.com/keycloak/keycloak/issues/43698,True,True,
https://github.com/keycloak/keycloak/issues/43362,True,True,
https://github.com/keycloak/keycloak/issues/43357,True,True,
https://github.com/keycloak/keycloak/issues/43365,True,True,
https://github.com/spring-projects/spring-batch/issues/4930,True,True,
https://github.com/spring-projects/spring-data-commons/issues/3375,True,True,
https://github.com/google/guava/issues/7143,True,True,
https://github.com/google/guava/issues/6845,True,True,
https://github.com/netty/netty/issues/15723,True,True,
https://github.com/netty/netty/issues/15723,True,True,
https://github.com/netty/netty/issues/15502,False,False,
https://github.com/netty/netty/issues/15510,True,True,
https://github.com/netty/netty/issues/15503,True,True,
https://github.com/netty/netty/issues/14876,False,False,
https://github.com/netty/netty/issues/14165,False,False,
https://github.com/netty/netty/issues/14268,True,True,
https://github.com/netty/netty/issues/13166,True,True,
https://github.com/keycloak/keycloak/issues/42922,True,True,
https://github.com/keycloak/keycloak/issues/42880,True,True,
https://github.com/keycloak/keycloak/issues/42882,True,True,
https://github.com/keycloak/keycloak/issues/42283,True,True,
https://github.com/keycloak/keycloak/issues/41532,True,True,
https://github.com/keycloak/keycloak/issues/40805,True,True,
https://github.com/keycloak/keycloak/issues/35932,True,True,
https://github.com/keycloak/keycloak/issues/39987,True,True,
https://github.com/keycloak/keycloak/issues/39665,True,True,
https://github.com/keycloak/keycloak/issues/39653,True,True,
https://github.com/keycloak/keycloak/issues/39253,True,True,
https://github.com/keycloak/keycloak/issues/38837,True,True,
https://github.com/keycloak/keycloak/issues/38552,False,False,
https://github.com/keycloak/keycloak/issues/34364,True,True,
https://github.com/keycloak/keycloak/issues/33953,False,True,True
https://github.com/keycloak/keycloak/issues/37062,True,True,
https://github.com/keycloak/keycloak/issues/35796,True,True,
https://github.com/keycloak/keycloak/issues/35758,False,True,False
https://github.com/keycloak/keycloak/issues/35457,False,True,True
https://github.com/keycloak/keycloak/issues/35402,True,True,
https://github.com/keycloak/keycloak/issues/34848,True,True,
https://github.com/keycloak/keycloak/issues/34313,True,True,
https://github.com/keycloak/keycloak/issues/34412,True,True,
https://github.com/keycloak/keycloak/issues/34050,True,True,
https://github.com/keycloak/keycloak/issues/33424,True,True,
https://github.com/keycloak/keycloak/issues/33439,True,True,
https://github.com/keycloak/keycloak/issues/32906,True,True,
https://github.com/keycloak/keycloak/issues/32388,True,True,
https://github.com/keycloak/keycloak/issues/32091,True,True,
https://github.com/keycloak/keycloak/issues/32428,False,False,
https://github.com/keycloak/keycloak/issues/31519,True,True,
https://github.com/keycloak/keycloak/issues/31701,True,True,
https://github.com/keycloak/keycloak/issues/31699,True,True,
https://github.com/keycloak/keycloak/issues/29818,True,True,
https://github.com/keycloak/keycloak/issues/29129,True,True,
https://github.com/keycloak/keycloak/issues/29319,True,True,
https://github.com/keycloak/keycloak/issues/29133,True,True,
https://github.com/keycloak/keycloak/issues/29130,True,True,
https://github.com/keycloak/keycloak/issues/28935,True,True,
https://github.com/keycloak/keycloak/issues/28672,True,True,
https://github.com/keycloak/keycloak/issues/14084,False,False,
https://github.com/quarkusio/quarkus/issues/46949,True,True,
https://github.com/quarkusio/quarkus/issues/44653,False,False,
https://github.com/quarkusio/quarkus/issues/41404,True,True,
https://github.com/quarkusio/quarkus/issues/39130,True,True,
https://github.com/quarkusio/quarkus/issues/38683,False,True,True
https://github.com/spring-projects/spring-ai/issues/4346,True,True,
https://github.com/spring-cloud/spring-cloud-gateway/issues/2756,True,True,
https://github.com/spring-projects/spring-batch/issues/4657,False,False,
https://github.com/spring-projects/spring-batch/issues/1694,True,True,
https://github.com/spring-projects/spring-batch/issues/4479,False,True,False
https://github.com/assertj/assertj/issues/3744,True,True,
https://github.com/openhab/openhab-addons/issues/16806,True,True,
https://github.com/openhab/openhab-addons/issues/15994,True,True,
https://github.com/datastax/jvector/issues/220,True,True,
https://github.com/networknt/light-4j/issues/2104,True,True,
https://github.com/spring-projects/spring-data-redis/issues/2970,True,True,
https://github.com/spring-projects/spring-data-mongodb/issues/4904,True,True,
https://github.com/spring-projects/spring-data-mongodb/issues/4846,True,True,
https://github.com/spring-projects/spring-data-mongodb/issues/4818,False,True,True
https://github.com/spring-cloud/spring-cloud-stream/issues/3101,True,True,
https://github.com/spring-cloud/spring-cloud-stream/issues/3076,True,True,
https://github.com/spring-cloud/spring-cloud-stream/issues/3004,True,True,
https://github.com/langgraph4j/langgraph4j/issues/151,False,False,
https://github.com/langgraph4j/langgraph4j/issues/106,True,True,
https://github.com/liquibase/liquibase/issues/6685,True,True,
https://github.com/liquibase/liquibase/issues/6178,True,True,
https://github.com/liquibase/liquibase/issues/5507,True,True,
https://github.com/spring-projects/spring-data-elasticsearch/issues/2876,False,False,
https://github.com/FasterXML/jackson-core/issues/1351,True,True,
https://github.com/dylibso/chicory/issues/695,False,True,False
https://github.com/dotCMS/core/issues/32958,True,True,
https://github.com/spring-projects/spring-data-neo4j/issues/2882,True,True,
https://github.com/spring-projects/spring-data-commons/issues/3126,False,True,False
https://github.com/spring-projects/spring-data-commons/issues/3066,True,True,
https://github.com/dcm4che/dcm4chee-arc-light/issues/4640,True,True,
https://github.com/dcm4che/dcm4chee-arc-light/issues/4640,True,True,
https://github.com/dcm4che/dcm4chee-arc-light/issues/4460,True,True,
https://github.com/rabbitmq/rabbitmq-perf-test/issues/703,True,True,
https://github.com/apache/uniffle/issues/2583,False,False,
https://github.com/apache/uniffle/issues/2576,False,True,False
https://github.com/apache/uniffle/issues/2496,True,True,
https://github.com/apache/uniffle/issues/2496,True,True,
https://github.com/apache/uniffle/issues/2454,False,False,
https://github.com/apache/uniffle/issues/2441,False,True,True
https://github.com/apache/uniffle/issues/493,True,True,
https://github.com/apache/uniffle/issues/1885,False,True,False
https://github.com/apache/uniffle/issues/1809,True,True,
https://github.com/apache/uniffle/issues/1543,False,True,True
https://github.com/ascopes/protobuf-maven-plugin/issues/600,False,False,
https://github.com/langchain4j/langchain4j/issues/2484,True,True,
https://github.com/langchain4j/langchain4j/issues/2053,False,True,True
https://github.com/langchain4j/langchain4j/issues/1447,True,True,
https://github.com/langchain4j/langchain4j/issues/715,True,True,
https://github.com/subclipse/subclipse/issues/173,True,True,
https://github.com/DominoKit/domino-ui/issues/1017,True,True,
https://github.com/spring-cloud/spring-cloud-sleuth/issues/2318,True,True,
https://github.com/kadai-io/kadai/issues/1063,True,True,
https://github.com/kadai-io/kadai/issues/786,True,True,
https://github.com/google/guava/issues/6087,True,True,
https://github.com/google/guava/issues/3873,True,True,
https://github.com/apache/dubbo/issues/9829,False,False,
https://github.com/apache/dubbo/issues/5892,True,True,
https://github.com/netty/netty/issues/13313,True,False,True
https://github.com/netty/netty/issues/13153,True,True,
https://github.com/netty/netty/issues/12812,False,False,
https://github.com/netty/netty/issues/12708,True,True,
https://github.com/netty/netty/issues/12171,True,True,
https://github.com/netty/netty/issues/11864,False,False,
https://github.com/keycloak/keycloak/issues/9871,True,True,
https://github.com/keycloak/keycloak/issues/25388,True,True,
https://github.com/keycloak/keycloak/issues/24202,True,True,
https://github.com/keycloak/keycloak/issues/24860,True,True,
https://github.com/keycloak/keycloak/issues/24295,True,True,
https://github.com/keycloak/keycloak/issues/21868,True,True,
https://github.com/keycloak/keycloak/issues/22057,False,False,
https://github.com/keycloak/keycloak/issues/21111,True,True,
https://github.com/keycloak/keycloak/issues/9871,True,True,
https://github.com/keycloak/keycloak/issues/21521,True,True,
https://github.com/keycloak/keycloak/issues/21109,True,True,
https://github.com/keycloak/keycloak/issues/20394,True,True,
https://github.com/keycloak/keycloak/issues/20613,True,True,
https://github.com/keycloak/keycloak/issues/20404,True,True,
https://github.com/keycloak/keycloak/issues/19193,True,True,
https://github.com/keycloak/keycloak/issues/19990,True,True,
https://github.com/keycloak/keycloak/issues/16224,True,True,
https://github.com/keycloak/keycloak/issues/13340,True,True,
https://github.com/keycloak/keycloak/issues/12280,False,False,
https://github.com/keycloak/keycloak/issues/15038,False,False,
https://github.com/keycloak/keycloak/issues/14384,True,True,
https://github.com/keycloak/keycloak/issues/14309,True,True,
https://github.com/keycloak/keycloak/issues/13303,True,True,
https://github.com/keycloak/keycloak/issues/12148,True,True,
https://github.com/keycloak/keycloak/issues/11764,True,True,
https://github.com/keycloak/keycloak/issues/9563,False,False,
https://github.com/keycloak/keycloak/issues/11263,True,True,
https://github.com/keycloak/keycloak/issues/11261,True,True,
https://github.com/keycloak/keycloak/issues/10411,True,True,
https://github.com/keycloak/keycloak/issues/10132,True,True,
https://github.com/keycloak/keycloak/issues/9648,False,False,
https://github.com/keycloak/keycloak/issues/9250,True,True,
https://github.com/keycloak/keycloak/issues/16091,False,True,True
https://github.com/keycloak/keycloak/issues/17678,False,False,
https://github.com/OpenAPITools/openapi-generator/issues/16490,True,False,True
https://github.com/FasterXML/jackson-databind/issues/3419,True,True,
https://github.com/spring-cloud/spring-cloud-kubernetes/issues/1225,True,True,
https://github.com/spring-projects/spring-data-jpa/issues/3039,True,True,
https://github.com/spring-projects/spring-data-jpa/issues/2860,True,True,
https://github.com/spring-projects/spring-data-jpa/issues/2594,True,True,
https://github.com/spring-projects/spring-data-jpa/issues/2333,True,True,
https://github.com/spring-projects/spring-batch/issues/4024,True,True,
https://github.com/spring-projects/spring-batch/issues/3980,True,True,
https://github.com/assertj/assertj/issues/3193,True,True,
https://github.com/assertj/assertj/issues/2548,True,True,
https://github.com/apache/mina-sshd/issues/524,True,True,
https://github.com/mediathekview/MediathekView/issues/507,True,True,
https://github.com/spring-projects/spring-data-neo4j/issues/2782,True,True,
https://github.com/spring-projects/spring-data-neo4j/issues/2750,False,True,True
https://github.com/spring-projects/spring-data-neo4j/issues/2668,True,True,
https://github.com/spring-projects/spring-data-neo4j/issues/2501,True,True,
https://github.com/spring-projects/spring-data-neo4j/issues/2487,True,True,
https://github.com/spring-projects/spring-data-neo4j/issues/2455,True,True,
https://github.com/spring-projects/spring-data-neo4j/issues/2417,True,True,
https://github.com/spring-projects/spring-data-neo4j/issues/2391,True,True,
https://github.com/spring-projects/spring-data-neo4j/issues/2387,True,True,
https://github.com/spring-projects/spring-data-neo4j/issues/2182,True,False,True
https://github.com/spring-projects/spring-data-neo4j/issues/2169,False,False,
https://github.com/spring-projects/spring-data-neo4j/issues/1460,False,True,False
https://github.com/orientechnologies/orientdb/issues/9603,True,True,
https://github.com/DTStack/chunjun/issues/1138,True,True,
https://github.com/dcm4che/dcm4che/issues/1009,True,True,
https://github.com/dcm4che/dcm4che/issues/798,True,True,
https://github.com/dcm4che/dcm4che/issues/651,True,True,
https://github.com/eclipse-lemminx/lemminx/issues/1175,False,False,
https://github.com/spring-projects/spring-vault/issues/702,True,True,
https://github.com/smallrye/smallrye-graphql/issues/728,False,True,True
https://github.com/mhewedy/spring-data-jpa-mongodb-expressions/issues/30,True,True,
https://github.com/GoogleCloudPlatform/cloud-opensource-java/issues/1204,True,True,
https://github.com/philterd/phileas/issues/112,False,True,False
https://github.com/philterd/phileas/issues/111,True,True,
https://github.com/philterd/phileas/issues/111,True,True,
https://github.com/philterd/phileas/issues/121,True,True,
https://github.com/philterd/phileas/issues/112,False,True,False
https://github.com/philterd/phileas/issues/112,False,True,False
https://github.com/networknt/light-4j/issues/1603,True,True,
https://github.com/networknt/light-4j/issues/1598,True,True,
https://github.com/networknt/light-4j/issues/1137,True,True,
https://github.com/networknt/light-4j/issues/730,True,True,
https://github.com/apache/linkis/issues/2929,True,True,
https://github.com/spring-io/spring-javaformat/issues/319,False,True,False
https://github.com/pgjdbc/r2dbc-postgresql/issues/243,True,True,
https://github.com/OpenLiberty/ci.maven/issues/1354,True,False,True
https://github.com/OpenLiberty/ci.maven/issues/843,True,True,
https://github.com/Unleash/unleash-java-sdk/issues/10,True,True,
https://github.com/spring-projects/spring-modulith/issues/1338,True,True,
https://github.com/spring-projects/spring-modulith/issues/1146,True,True,
https://github.com/spring-projects/spring-modulith/issues/1149,True,True,
https://github.com/spring-projects/spring-modulith/issues/1149,True,True,
https://github.com/spring-projects/spring-modulith/issues/1098,True,True,
https://github.com/spring-projects/spring-modulith/issues/261,True,True,
https://github.com/oracle/opengrok/issues/4307,True,True,
https://github.com/oracle/opengrok/issues/3509,True,False,False
https://github.com/oracle/opengrok/issues/3383,True,True,
https://github.com/gluonhq/rich-text-area/issues/3,True,True,
https://github.com/cloudsimplus/cloudsimplus/issues/325,True,True,
https://github.com/cloudsimplus/cloudsimplus/issues/323,False,True,False
https://github.com/cloudsimplus/cloudsimplus/issues/308,True,True,
https://github.com/cloudsimplus/cloudsimplus/issues/273,True,True,
https://github.com/cloudsimplus/cloudsimplus/issues/236,True,True,
https://github.com/paulcwarren/spring-content/issues/1,True,True,
https://github.com/streamthoughts/kafka-connect-file-pulse/issues/490,True,True,
https://github.com/DominoKit/domino-ui/issues/630,True,True,
https://github.com/DominoKit/domino-ui/issues/456,True,True,
https://github.com/warmuuh/milkman/issues/72,True,True,
https://github.com/spring-projects/spring-retry/issues/212,False,False,
https://github.com/apache/curator/issues/585,True,False,False
https://github.com/apache/incubator-baremaps/issues/98,False,True,False
https://github.com/mock-server/mockserver/issues/1010,True,True,
https://github.com/gdela/socomo/issues/22,False,False,
https://github.com/martinpaljak/apdu4j/issues/67,True,True,
https://github.com/rworsnop/vertx-beans/issues/15,False,False,
https://github.com/patrickfav/bcrypt/issues/1,False,False,
https://github.com/jruby/joni/issues/36,False,False,
https://github.com/spring-cloud/spring-cloud-sleuth/issues/1742,True,True,
https://github.com/spring-cloud/spring-cloud-sleuth/issues/1742,True,True,
https://github.com/spring-cloud/spring-cloud-sleuth/issues/1760,True,True,
https://github.com/spring-projects-experimental/spring-boot-thin-launcher/issues/22,False,True,True
https://github.com/r2dbc/r2dbc-pool/issues/190,True,True,
https://github.com/apiman/apiman/issues/1153,True,True,
https://github.com/openlookeng/hetu-core/issues/277,True,True,
https://github.com/McFoggy/cssfx/issues/34,True,True,
https://github.com/McFoggy/cssfx/issues/24,True,True,
https://github.com/apache/dubbo/issues/4556,True,True,
https://github.com/netty/netty/issues/9710,True,True,
https://github.com/netty/netty/issues/9426,True,True,
https://github.com/keycloak/keycloak/issues/44447,True,True,
https://github.com/keycloak/keycloak/issues/44048,True,True,
https://github.com/keycloak/keycloak/issues/12280,False,False,
https://github.com/keycloak/keycloak/issues/10266,True,False,True
https://github.com/apache/incubator-seata/issues/1126,True,True,
https://github.com/apache/incubator-seata/issues/1085,True,True,
https://github.com/apache/incubator-seata/issues/753,False,False,
https://github.com/apache/shardingsphere/issues/2153,False,False,
https://github.com/apache/shardingsphere/issues/2153,False,False,
https://github.com/apache/shardingsphere/issues/2153,False,False,
https://github.com/apache/dubbo/issues/15087,True,True,
https://github.com/apache/dubbo/issues/1245,True,True,
https://github.com/netty/netty/issues/14984,False,False,
https://github.com/netty/netty/issues/8384,False,False,
https://github.com/netty/netty/issues/8122,False,True,True
https://github.com/netty/netty/issues/8196,False,False,
https://github.com/netty/netty/issues/8013,True,True,
https://github.com/netty/netty/issues/7837,False,False,
https://github.com/netty/netty/issues/7255,True,True,
https://github.com/netty/netty/issues/7025,True,True,
https://github.com/netty/netty/issues/6153,True,True,
https://github.com/netty/netty/issues/4807,True,True,
https://github.com/netty/netty/issues/4402,True,True,
https://github.com/netty/netty/issues/3884,False,False,
https://github.com/netty/netty/issues/4071,True,True,
https://github.com/netty/netty/issues/3488,True,True,
https://github.com/alibaba/nacos/issues/150,True,True,
https://github.com/keycloak/keycloak/issues/14743,True,True,
https://github.com/keycloak/keycloak/issues/12381,False,True,True
https://github.com/apache/shardingsphere/issues/701,True,True,
https://github.com/mybatis/mybatis-3/issues/2426,True,True,
https://github.com/mybatis/mybatis-3/issues/2297,True,True,
https://github.com/mybatis/mybatis-3/issues/1786,True,True,
https://github.com/prestodb/presto/issues/6129,True,True,
https://github.com/prestodb/presto/issues/1734,True,True,
https://github.com/quarkusio/quarkus/issues/50889,True,True,
https://github.com/quarkusio/quarkus/issues/27281,True,True,
https://github.com/quarkusio/quarkus/issues/24712,True,True,
https://github.com/quarkusio/quarkus/issues/23822,False,True,False
https://github.com/quarkusio/quarkus/issues/14720,False,False,
https://github.com/quarkusio/quarkus/issues/9188,False,True,False
https://github.com/quarkusio/quarkus/issues/8167,False,False,
https://github.com/quarkusio/quarkus/issues/6950,True,True,
https://github.com/quarkusio/quarkus/issues/4490,True,True,
https://github.com/quarkusio/quarkus/issues/4294,True,True,
https://github.com/quarkusio/quarkus/issues/884,True,True,
https://github.com/quarkusio/quarkus/issues/188,True,True,
https://github.com/quarkusio/quarkus/issues/214,True,True,
https://github.com/apache/pulsar/issues/11100,True,True,
https://github.com/apache/dolphinscheduler/issues/9387,True,True,
https://github.com/apache/dolphinscheduler/issues/7256,True,True,
https://github.com/apache/dolphinscheduler/issues/6474,True,True,
https://github.com/apache/dolphinscheduler/issues/6353,True,True,
https://github.com/apache/dolphinscheduler/issues/1522,True,True,
https://github.com/apache/dolphinscheduler/issues/1522,True,True,
https://github.com/apache/dolphinscheduler/issues/1522,True,True,
https://github.com/apache/dolphinscheduler/issues/1515,False,False,
https://github.com/pinpoint-apm/pinpoint/issues/1469,True,True,
https://github.com/pinpoint-apm/pinpoint/issues/1432,True,True,
https://github.com/pinpoint-apm/pinpoint/issues/1362,True,True,
https://github.com/apache/ignite/issues/10469,False,False,
https://github.com/oracle/opengrok/issues/3442,True,False,False
https://github.com/oracle/opengrok/issues/2118,True,True,
https://github.com/oracle/opengrok/issues/1716,True,True,
https://github.com/oracle/opengrok/issues/1353,True,True,
https://github.com/oracle/opengrok/issues/1095,False,True,False
https://github.com/oracle/opengrok/issues/827,True,True,
https://github.com/oracle/opengrok/issues/880,True,True,
https://github.com/apache/maven-mvnd/issues/527,True,True,
https://github.com/apache/maven-mvnd/issues/464,False,False,
https://github.com/smallrye/smallrye-mutiny/issues/1080,True,True,
https://github.com/FasterXML/jackson-dataformats-binary/issues/82,True,True,
https://github.com/elastic/ecs-logging-java/issues/149,True,True,
https://github.com/gluonhq/rich-text-area/issues/414,True,False,False
https://github.com/rabbitmq/rabbitmq-stream-java-client/issues/17,False,True,False
https://github.com/jruby/jruby-openssl/issues/73,True,True,
https://github.com/zowe/zowe-client-java-sdk/issues/148,False,True,True
https://github.com/flyway/flyway/issues/3280,True,False,True
https://github.com/flyway/flyway/issues/470,True,True,
https://github.com/flyway/flyway/issues/3245,True,True,
https://github.com/flyway/flyway/issues/3229,False,True,True
https://github.com/flyway/flyway/issues/3024,False,False,
https://github.com/flyway/flyway/issues/2993,True,True,
https://github.com/flyway/flyway/issues/2989,True,True,
https://github.com/flyway/flyway/issues/2903,True,True,
https://github.com/flyway/flyway/issues/2123,True,True,
https://github.com/AsyncHttpClient/async-http-client/issues/1632,False,True,True
https://github.com/AsyncHttpClient/async-http-client/issues/1467,True,True,
https://github.com/AsyncHttpClient/async-http-client/issues/1462,True,True,
https://github.com/AsyncHttpClient/async-http-client/issues/1278,False,True,True
https://github.com/AsyncHttpClient/async-http-client/issues/1102,True,True,
https://github.com/AsyncHttpClient/async-http-client/issues/894,False,True,False
https://github.com/AsyncHttpClient/async-http-client/issues/826,True,True,
https://github.com/AsyncHttpClient/async-http-client/issues/825,False,False,
https://github.com/AsyncHttpClient/async-http-client/issues/821,True,True,
https://github.com/AsyncHttpClient/async-http-client/issues/796,True,True,
https://github.com/AsyncHttpClient/async-http-client/issues/795,True,True,
https://github.com/alibaba/fastjson2/issues/146,True,True,
https://github.com/spring-projects/spring-data-mongodb/issues/4983,False,False,
https://github.com/spring-projects/spring-data-mongodb/issues/3941,True,True,
https://github.com/spring-projects/spring-data-mongodb/issues/3918,True,True,
https://github.com/spring-projects/spring-data-mongodb/issues/3613,True,True,
https://github.com/spring-projects/spring-data-mongodb/issues/2352,True,True,
https://github.com/spring-projects/spring-data-mongodb/issues/2352,True,True,
https://github.com/spring-projects/spring-data-mongodb/issues/2225,False,True,True
https://github.com/spring-projects/spring-data-mongodb/issues/1536,True,False,False
https://github.com/spring-projects/spring-data-mongodb/issues/1375,False,False,
https://github.com/spring-projects/spring-data-mongodb/issues/1236,True,True,
https://github.com/datastax/jvector/issues/60,False,False,
https://github.com/spring-cloud/spring-cloud-function/issues/1072,True,True,
https://github.com/spring-cloud/spring-cloud-function/issues/1066,True,True,
https://github.com/spring-cloud/spring-cloud-function/issues/1030,True,True,
https://github.com/spring-cloud/spring-cloud-function/issues/706,True,True,
https://github.com/spring-cloud/spring-cloud-function/issues/425,True,True,
https://github.com/spring-cloud/spring-cloud-function/issues/399,True,True,
https://github.com/spring-cloud/spring-cloud-function/issues/425,True,True,
https://github.com/spring-projects/spring-data-elasticsearch/issues/3063,True,True,
https://github.com/spring-projects/spring-data-elasticsearch/issues/2726,False,True,True
https://github.com/spring-projects/spring-data-elasticsearch/issues/2061,False,True,False
https://github.com/spring-projects/spring-data-elasticsearch/issues/2027,False,False,
https://github.com/spring-projects/spring-data-cassandra/issues/1213,True,True,
https://github.com/spring-projects/spring-data-cassandra/issues/1236,True,True,
https://github.com/spring-projects/spring-data-cassandra/issues/1218,False,False,
https://github.com/spring-projects/spring-data-cassandra/issues/1218,False,False,
https://github.com/spring-projects/spring-data-cassandra/issues/1186,True,True,
https://github.com/spring-projects/spring-data-cassandra/issues/1174,False,False,
https://github.com/marcelmay/hfsa/issues/42,True,True,
https://github.com/marcelmay/hfsa/issues/38,True,True,
https://github.com/swagger-api/swagger-core/issues/1936,True,True,
https://github.com/neo4j/neo4j-ogm/issues/891,True,True,
https://github.com/neo4j/neo4j-ogm/issues/889,True,True,
https://github.com/neo4j/neo4j-ogm/issues/852,True,True,
https://github.com/neo4j/neo4j-ogm/issues/853,True,True,
https://github.com/neo4j/neo4j-ogm/issues/854,True,True,
https://github.com/neo4j/neo4j-ogm/issues/849,True,True,
https://github.com/neo4j/neo4j-ogm/issues/840,True,True,
https://github.com/neo4j/neo4j-ogm/issues/738,True,True,
https://github.com/neo4j/neo4j-ogm/issues/849,True,True,
https://github.com/neo4j/neo4j-ogm/issues/849,True,True,
https://github.com/spring-cloud/spring-cloud-circuitbreaker/issues/96,True,True,
https://github.com/tbsalling/aismessages/issues/16,True,True,
https://github.com/mojohaus/wagon-maven-plugin/issues/17,False,False,
https://github.com/mybatis/hazelcast-cache/issues/21,True,True,
https://github.com/dockstore/dockstore/issues/2482,True,True,
https://github.com/dockstore/dockstore/issues/2442,False,True,False
https://github.com/dcm4che/dcm4che/issues/143,True,True,
https://github.com/dcm4che/dcm4che/issues/206,True,True,
https://github.com/Netcentric/accesscontroltool/issues/762,False,True,False
https://github.com/arquillian/arquillian-cube/issues/305,True,True,
https://github.com/sofastack/sofa-rpc/issues/436,True,True,
https://github.com/Blazebit/blaze-persistence/issues/151,True,True,
https://github.com/spring-projects/spring-data-redis/issues/2156,True,True,
https://github.com/spring-projects/spring-data-neo4j/issues/579,True,True,
https://github.com/spring-projects/spring-data-keyvalue/issues/196,False,False,
https://github.com/spring-cloud/spring-cloud-sleuth/issues/958,True,True,
https://github.com/spring-cloud/spring-cloud-sleuth/issues/701,True,True,
https://github.com/logfellow/logstash-logback-encoder/issues/353,False,True,True
https://github.com/groovy/GMavenPlus/issues/162,False,True,False
https://github.com/DataLinkDC/dinky/issues/3909,True,True,
https://github.com/DataLinkDC/dinky/issues/1279,True,False,False
https://github.com/DataLinkDC/dinky/issues/1210,True,False,False
https://github.com/DataLinkDC/dinky/issues/564,True,False,False
https://github.com/DataLinkDC/dinky/issues/397,True,False,False
https://github.com/alibaba/spring-cloud-alibaba/issues/11,False,False,
https://github.com/apache/royale-compiler/issues/83,True,True,
https://github.com/apache/royale-compiler/issues/36,False,True,False
https://github.com/spacious-team/investbook/issues/294,False,True,False
https://github.com/iluwatar/java-design-patterns/issues/883,False,False,
https://github.com/cloudsimplus/cloudsimplus/issues/332,False,False,
https://github.com/cloudsimplus/cloudsimplus/issues/284,False,True,False
https://github.com/cloudsimplus/cloudsimplus/issues/203,True,True,
https://github.com/cloudsimplus/cloudsimplus/issues/202,True,True,
https://github.com/cloudsimplus/cloudsimplus/issues/200,True,True,
https://github.com/cloudsimplus/cloudsimplus/issues/190,True,True,
https://github.com/cloudsimplus/cloudsimplus/issues/189,True,True,
https://github.com/cloudsimplus/cloudsimplus/issues/191,True,True,
https://github.com/cloudsimplus/cloudsimplus/issues/188,True,True,
https://github.com/cloudsimplus/cloudsimplus/issues/109,True,True,
https://github.com/cloudsimplus/cloudsimplus/issues/187,True,True,
https://github.com/cloudsimplus/cloudsimplus/issues/175,True,True,
https://github.com/cloudsimplus/cloudsimplus/issues/174,True,True,
https://github.com/classgraph/classgraph/issues/8,False,False,
https://github.com/classgraph/classgraph/issues/8,False,False,
https://github.com/classgraph/classgraph/issues/118,True,True,
https://github.com/RoinujNosde/SimpleClans/issues/3,True,True,
https://github.com/apache/curator/issues/530,True,True,
https://github.com/r2dbc/r2dbc-mssql/issues/51,True,True,
https://github.com/openzipkin/zipkin/issues/1907,True,True,
https://github.com/alibaba/canal/issues/2258,True,True,
https://github.com/alibaba/canal/issues/2258,True,True,
https://github.com/alibaba/canal/issues/1019,True,True,
https://github.com/alibaba/canal/issues/726,True,True,
https://github.com/alibaba/canal/issues/726,True,True,
https://github.com/alibaba/canal/issues/726,True,True,
https://github.com/arthurgregorio/web-budget/issues/326,False,False,
https://github.com/arthurgregorio/library/issues/27,True,True,
https://github.com/patrickfav/bcrypt/issues/1,False,False,
https://github.com/atlanmod/NeoEMF/issues/56,True,True,
https://github.com/atlanmod/NeoEMF/issues/56,True,True,
https://github.com/atlanmod/NeoEMF/issues/56,True,True,
https://github.com/atlanmod/NeoEMF/issues/55,True,True,
https://github.com/atlanmod/NeoEMF/issues/36,True,True,
https://github.com/arey/java-object-mapper-benchmark/issues/1,True,True,
https://github.com/Graylog2/gelfclient/issues/38,True,True,
https://github.com/VoxelGamesLib/VoxelGamesLibv2/issues/175,False,True,True
https://github.com/julianhyde/sqlline/issues/77,True,True,
https://github.com/jgitver/jgitver/issues/68,False,False,
https://github.com/timols/java-gitlab-api/issues/59,True,False,False
https://github.com/rakam-io/rakam-api/issues/1,False,False,
https://github.com/apache/dubbo/issues/14539,True,True,
https://github.com/apache/dubbo/issues/9973,True,True,
https://github.com/apache/dubbo/issues/5797,True,True,
https://github.com/netty/netty/issues/10123,True,True,
https://github.com/alibaba/nacos/issues/12323,True,True,
https://github.com/alibaba/nacos/issues/11310,True,False,True
https://github.com/alibaba/nacos/issues/6433,True,True,
https://github.com/alibaba/nacos/issues/3235,True,True,
https://github.com/keycloak/keycloak/issues/37093,True,True,
https://github.com/keycloak/keycloak/issues/33353,True,True,
https://github.com/keycloak/keycloak/issues/10935,True,False,True
https://github.com/keycloak/keycloak/issues/10376,True,True,
https://github.com/keycloak/keycloak/issues/12497,True,True,
https://github.com/keycloak/keycloak/issues/11695,False,False,
https://github.com/keycloak/keycloak/issues/12653,True,True,
https://github.com/keycloak/keycloak/issues/11069,True,True,
https://github.com/keycloak/keycloak/issues/10829,True,True,
https://github.com/apolloconfig/apollo/issues/3698,True,True,
https://github.com/apache/incubator-seata/issues/3571,True,True,
https://github.com/apache/incubator-seata/issues/2467,True,True,
https://github.com/liquibase/liquibase/issues/6096,True,True,
https://github.com/liquibase/liquibase/issues/5171,True,True,
https://github.com/liquibase/liquibase/issues/4312,True,True,
https://github.com/liquibase/liquibase/issues/3791,False,False,
https://github.com/liquibase/liquibase/issues/3545,True,True,
https://github.com/liquibase/liquibase/issues/2154,True,True,
https://github.com/liquibase/liquibase/issues/1856,False,False,
https://github.com/liquibase/liquibase/issues/1984,True,True,
https://github.com/liquibase/liquibase/issues/1199,True,True,
https://github.com/hapifhir/hapi-fhir/issues/4801,True,True,
https://github.com/eclipse-jdtls/eclipse.jdt.ls/issues/3531,True,True,
https://github.com/eclipse-jdtls/eclipse.jdt.ls/issues/3510,True,True,
https://github.com/eclipse-jdtls/eclipse.jdt.ls/issues/2441,True,True,
https://github.com/eclipse-jdtls/eclipse.jdt.ls/issues/1469,True,True,
https://github.com/casid/jte/issues/78,False,True,True
https://github.com/urlaubsverwaltung/urlaubsverwaltung/issues/1522,True,True,
https://github.com/keycloak/keycloak-benchmark/issues/38,True,True,
https://github.com/obsidiandynamics/kafdrop/issues/233,True,True,
https://github.com/eclipse-xtext/xtext/issues/3119,True,True,
https://github.com/opencast/opencast/issues/4748,True,True,
https://github.com/eclipse-lemminx/lemminx/issues/1368,True,True,
https://github.com/smallrye/smallrye-graphql/issues/350,True,True,
https://github.com/GoogleCloudPlatform/cloud-opensource-java/issues/1320,True,True,
https://github.com/eclipse-xpanse/xpanse/issues/2089,True,True,
https://github.com/eclipse-xpanse/xpanse/issues/1190,True,True,
https://github.com/hyperxpro/Brotli4j/issues/123,True,False,False
https://github.com/beehive-lab/TornadoVM/issues/21,True,True,
https://github.com/OpenAS2/OpenAs2App/issues/283,True,True,
https://github.com/Altinity/ice/issues/2,True,True,
https://github.com/microsoft/semantic-kernel-java/issues/267,True,True,
https://github.com/gluonhq/rich-text-area/issues/399,True,True,
https://github.com/gluonhq/rich-text-area/issues/377,True,True,
https://github.com/diennea/carapaceproxy/issues/394,True,True,
https://github.com/cmu-db/benchbase/issues/125,False,True,False
https://github.com/Blazebit/blaze-persistence/issues/1058,True,True,
https://github.com/oceanbase/odc/issues/550,True,True,
https://github.com/apache/doris-flink-connector/issues/518,True,True,
https://github.com/jchambers/pushy/issues/732,True,True,
https://github.com/cryostatio/cryostat-legacy/issues/793,False,False,
https://github.com/spring-projects/spring-guice/issues/78,True,True,
https://github.com/provectus/kafka-ui/issues/874,True,True,
https://github.com/openlookeng/hetu-core/issues/198,False,True,True
https://github.com/apache/shardingsphere-elasticjob-ui/issues/72,True,True,
https://github.com/Judge-Girl/Judge-Girl/issues/335,True,True,
https://github.com/apache/dubbo/issues/4694,True,True,
https://github.com/apache/dubbo/issues/4279,True,True,
https://github.com/netty/netty/issues/9322,True,True,
https://github.com/apache/incubator-seata/issues/1933,True,True,
https://github.com/apache/skywalking/issues/3382,True,True,
https://github.com/apache/shardingsphere/issues/23200,True,True,
https://github.com/apache/shardingsphere/issues/19153,True,True,
https://github.com/apache/shardingsphere/issues/15686,True,True,
https://github.com/apache/shardingsphere/issues/14714,True,True,
https://github.com/apache/shardingsphere/issues/13278,True,True,
https://github.com/apache/shardingsphere/issues/13274,True,True,
https://github.com/apache/shardingsphere/issues/13263,True,True,
https://github.com/apache/shardingsphere/issues/11824,True,True,
https://github.com/apache/shardingsphere/issues/4786,True,True,
https://github.com/apache/shardingsphere/issues/3681,True,True,
https://github.com/apache/shardingsphere/issues/3979,False,False,
https://github.com/apache/shardingsphere/issues/2997,True,True,
https://github.com/apache/shardingsphere/issues/2682,True,True,
https://github.com/apache/shardingsphere/issues/1892,True,False,True
https://github.com/apache/shardingsphere/issues/1820,True,True,
https://github.com/prestodb/presto/issues/24013,False,False,
https://github.com/prestodb/presto/issues/14433,False,False,
https://github.com/apache/dubbo/issues/2578,True,True,
https://github.com/apache/dubbo/issues/1659,True,True,
https://github.com/alibaba/nacos/issues/10159,True,True,
https://github.com/keycloak/keycloak/issues/17711,False,True,False
https://github.com/apache/shardingsphere/issues/1688,False,True,False
https://github.com/apache/shardingsphere/issues/1615,True,True,
https://github.com/apache/shardingsphere/issues/1127,True,True,
https://github.com/apache/shardingsphere/issues/1117,True,True,
https://github.com/apache/shardingsphere/issues/866,False,True,False
https://github.com/mybatis/mybatis-3/issues/1929,False,True,False
https://github.com/prestodb/presto/issues/11711,False,True,False
https://github.com/prestodb/presto/issues/6443,True,True,
https://github.com/prestodb/presto/issues/6121,True,True,
https://github.com/prestodb/presto/issues/4019,True,True,
https://github.com/prestodb/presto/issues/3646,False,True,False
https://github.com/quarkusio/quarkus/issues/50073,True,True,
https://github.com/quarkusio/quarkus/issues/32021,True,False,False
https://github.com/quarkusio/quarkus/issues/50010,False,False,
https://github.com/quarkusio/quarkus/issues/49574,True,False,True
https://github.com/quarkusio/quarkus/issues/49118,True,False,False
https://github.com/quarkusio/quarkus/issues/44383,False,False,
https://github.com/quarkusio/quarkus/issues/46148,True,False,True
https://github.com/quarkusio/quarkus/issues/46206,False,False,
https://github.com/quarkusio/quarkus/issues/37656,True,True,
https://github.com/quarkusio/quarkus/issues/37637,True,True,
https://github.com/quarkusio/quarkus/issues/35099,True,True,
https://github.com/quarkusio/quarkus/issues/36419,True,True,
https://github.com/quarkusio/quarkus/issues/28267,True,False,True
https://github.com/quarkusio/quarkus/issues/28116,False,False,
https://github.com/quarkusio/quarkus/issues/27743,True,True,
https://github.com/quarkusio/quarkus/issues/27589,True,False,False
https://github.com/quarkusio/quarkus/issues/27596,False,False,
https://github.com/quarkusio/quarkus/issues/16596,False,True,True
https://github.com/quarkusio/quarkus/issues/19599,True,True,
https://github.com/quarkusio/quarkus/issues/18268,True,True,
https://github.com/quarkusio/quarkus/issues/15351,True,True,
https://github.com/quarkusio/quarkus/issues/13258,True,False,True
https://github.com/quarkusio/quarkus/issues/13256,True,True,
https://github.com/quarkusio/quarkus/issues/13370,False,False,
https://github.com/quarkusio/quarkus/issues/13309,True,True,
https://github.com/quarkusio/quarkus/issues/10966,False,False,
https://github.com/quarkusio/quarkus/issues/6959,True,True,
https://github.com/quarkusio/quarkus/issues/4243,True,True,
https://github.com/quarkusio/quarkus/issues/4241,True,True,
https://github.com/quarkusio/quarkus/issues/4239,True,True,
https://github.com/quarkusio/quarkus/issues/340,True,True,
https://github.com/apache/pulsar/issues/23250,True,True,
https://github.com/apache/pulsar/issues/23121,True,True,
https://github.com/apache/pulsar/issues/18279,False,True,False
https://github.com/apache/pulsar/issues/18271,True,True,
https://github.com/apache/pulsar/issues/6363,True,True,
https://github.com/apache/pulsar/issues/6317,True,True,
https://github.com/apache/dolphinscheduler/issues/15448,True,True,
https://github.com/apache/dolphinscheduler/issues/5918,True,True,
https://github.com/apache/dolphinscheduler/issues/6471,True,True,
https://github.com/apache/dolphinscheduler/issues/6438,True,True,
https://github.com/apache/dolphinscheduler/issues/6112,True,True,
https://github.com/apache/dolphinscheduler/issues/1522,True,True,
https://github.com/pinpoint-apm/pinpoint/issues/12961,True,True,
https://github.com/pinpoint-apm/pinpoint/issues/2394,False,True,False
https://github.com/trinodb/trino/issues/26391,True,True,
https://github.com/trinodb/trino/issues/25423,True,True,
https://github.com/trinodb/trino/issues/9743,False,True,False
https://github.com/trinodb/trino/issues/22756,True,True,
https://github.com/trinodb/trino/issues/22770,True,True,
https://github.com/trinodb/trino/issues/16577,True,False,False
https://github.com/trinodb/trino/issues/13212,True,True,
https://github.com/trinodb/trino/issues/11768,True,True,
https://github.com/trinodb/trino/issues/5780,True,True,
https://github.com/trinodb/trino/issues/14078,True,True,
https://github.com/apache/shiro/issues/1762,False,True,False
https://github.com/kubernetes-client/java/issues/842,False,False,
https://github.com/apache/maven-mvnd/issues/266,False,True,False
https://github.com/apache/maven-mvnd/issues/65,False,True,False
https://github.com/microsoft/gctoolkit/issues/203,True,True,
https://github.com/smallrye/smallrye-mutiny/issues/1112,True,True,
https://github.com/apache/incubator-kie-kogito-runtimes/issues/3688,True,True,
https://github.com/FasterXML/jackson-dataformats-binary/issues/342,True,True,
https://github.com/deegree/deegree3/issues/648,False,False,
https://github.com/SchniedersLab/forcefieldx/issues/36,True,True,
https://github.com/alibaba/fastjson2/issues/3349,True,True,
https://github.com/onthegomap/planetiler/issues/823,True,True,
https://github.com/onthegomap/planetiler/issues/162,True,True,
https://github.com/microsoft/java-debug/issues/595,True,True,
https://github.com/microsoft/java-debug/issues/49,True,True,
https://github.com/OpenLiberty/ci.maven/issues/1355,False,False,
https://github.com/eclipse-xpanse/xpanse/issues/379,True,False,False
https://github.com/camunda-community-hub/spring-zeebe/issues/653,True,True,
https://github.com/Netcentric/accesscontroltool/issues/663,False,True,True
https://github.com/Netcentric/accesscontroltool/issues/618,False,True,True
https://github.com/Netcentric/accesscontroltool/issues/554,True,True,
https://github.com/ralscha/wamp2spring/issues/14,False,False,
https://github.com/mathieucarbou/license-maven-plugin/issues/874,True,True,
https://github.com/openhab/org.openhab.binding.zigbee/issues/399,True,True,
https://github.com/openhab/org.openhab.binding.zigbee/issues/338,True,False,False
https://github.com/DataLinkDC/dinky/issues/3733,True,True,
https://github.com/DataLinkDC/dinky/issues/3274,True,False,False
https://github.com/apache/streampark/issues/3068,True,False,False
https://github.com/eclipse-lemminx/lemminx/issues/328,False,False,
https://github.com/apache/shardingsphere-elasticjob/issues/1883,True,True,
https://github.com/apache/shardingsphere-elasticjob/issues/1315,True,True,
https://github.com/apache/shardingsphere-elasticjob/issues/762,True,True,
https://github.com/marcosbarbero/spring-cloud-zuul-ratelimit/issues/77,True,True,
https://github.com/mapstruct/mapstruct/issues/1473,True,True,
https://github.com/mapstruct/mapstruct/issues/1414,False,True,False
https://github.com/mapstruct/mapstruct/issues/1378,True,True,
https://github.com/jchambers/pushy/issues/655,True,True,
https://github.com/jchambers/pushy/issues/639,True,True,
https://github.com/cryostatio/cryostat-legacy/issues/312,True,False,False
https://github.com/microsoft/lsif-java/issues/12,True,True,
https://github.com/timols/java-gitlab-api/issues/237,True,False,False
https://github.com/distkv-project/distkv/issues/353,True,True,
